{"cameraMode":{"drawMode":0,"name":"Shaded","section":"Shading Mode"},"sceneLighting":true,"audioPlay":false,"sceneViewState":{"m_AlwaysRefresh":false,"showFog":true,"showSkybox":true,"showFlares":true,"showImageEffects":true,"showParticleSystems":true,"showVisualEffectGraphs":true,"m_FxEnabled":true},"in2DMode":false,"pivot":{"x":14.131087303161621,"y":2.1252613067626955,"z":-22.596675872802736},"rotation":{"x":0.0768108069896698,"y":0.9229885935783386,"z":-0.27437570691108706,"w":0.2590186595916748},"size":2.257809638977051,"orthographic":false}